Source,Target,Prediction,Confidence
http://snomed.info/id/411264000,http://ncicb.nci.nih.gov/xml/owl/EVS/Thesaurus.owl#C152407,True,1.0
http://snomed.info/id/259446009,http://ncicb.nci.nih.gov/xml/owl/EVS/Thesaurus.owl#C83975,True,1.0
http://snomed.info/id/373337007,http://ncicb.nci.nih.gov/xml/owl/EVS/Thesaurus.owl#C62045,True,1.0
http://snomed.info/id/96225007,http://ncicb.nci.nih.gov/xml/owl/EVS/Thesaurus.owl#C61312,False,1.0
http://snomed.info/id/372707005,http://ncicb.nci.nih.gov/xml/owl/EVS/Thesaurus.owl#C45653,True,1.0
http://snomed.info/id/10534002,http://ncicb.nci.nih.gov/xml/owl/EVS/Thesaurus.owl#C39668,False,1.0
http://snomed.info/id/762766007,http://ncicb.nci.nih.gov/xml/owl/EVS/Thesaurus.owl#C76929,False,1.0
http://snomed.info/id/782612003,http://ncicb.nci.nih.gov/xml/owl/EVS/Thesaurus.owl#C61634,True,1.0
http://snomed.info/id/703113001,http://ncicb.nci.nih.gov/xml/owl/EVS/Thesaurus.owl#C97308,True,1.0
http://snomed.info/id/703113001,http://ncicb.nci.nih.gov/xml/owl/EVS/Thesaurus.owl#C97307,True,1.0
http://snomed.info/id/57583000,http://ncicb.nci.nih.gov/xml/owl/EVS/Thesaurus.owl#C47632,True,1.0
http://snomed.info/id/12289007,http://ncicb.nci.nih.gov/xml/owl/EVS/Thesaurus.owl#C81304,True,1.0
http://snomed.info/id/41412001,http://ncicb.nci.nih.gov/xml/owl/EVS/Thesaurus.owl#C68538,True,1.0
http://snomed.info/id/412384000,http://ncicb.nci.nih.gov/xml/owl/EVS/Thesaurus.owl#C47518,True,1.0
http://snomed.info/id/70990002,http://ncicb.nci.nih.gov/xml/owl/EVS/Thesaurus.owl#C95317,False,1.0
http://snomed.info/id/108419004,http://ncicb.nci.nih.gov/xml/owl/EVS/Thesaurus.owl#C48007,True,1.0
http://snomed.info/id/773466000,http://ncicb.nci.nih.gov/xml/owl/EVS/Thesaurus.owl#C29084,True,1.0
http://snomed.info/id/52370008,http://ncicb.nci.nih.gov/xml/owl/EVS/Thesaurus.owl#C29250,True,1.0
http://snomed.info/id/5776009,http://ncicb.nci.nih.gov/xml/owl/EVS/Thesaurus.owl#C245,True,1.0
http://snomed.info/id/76587005,http://ncicb.nci.nih.gov/xml/owl/EVS/Thesaurus.owl#C1588,True,1.0
http://snomed.info/id/90944001,http://ncicb.nci.nih.gov/xml/owl/EVS/Thesaurus.owl#C397,False,1.0
http://snomed.info/id/734473007,http://ncicb.nci.nih.gov/xml/owl/EVS/Thesaurus.owl#C66945,True,1.0
http://snomed.info/id/373524005,http://ncicb.nci.nih.gov/xml/owl/EVS/Thesaurus.owl#C62084,True,1.0
http://snomed.info/id/387299004,http://ncicb.nci.nih.gov/xml/owl/EVS/Thesaurus.owl#C48012,True,1.0
http://snomed.info/id/372602008,http://ncicb.nci.nih.gov/xml/owl/EVS/Thesaurus.owl#C651,True,1.0
http://snomed.info/id/108937007,http://ncicb.nci.nih.gov/xml/owl/EVS/Thesaurus.owl#C755,False,1.0
http://snomed.info/id/5811000122108,http://ncicb.nci.nih.gov/xml/owl/EVS/Thesaurus.owl#C95766,True,1.0
http://snomed.info/id/395881001,http://ncicb.nci.nih.gov/xml/owl/EVS/Thesaurus.owl#C73845,True,1.0
http://snomed.info/id/372558009,http://ncicb.nci.nih.gov/xml/owl/EVS/Thesaurus.owl#C308,True,1.0
http://snomed.info/id/409330005,http://ncicb.nci.nih.gov/xml/owl/EVS/Thesaurus.owl#C673,True,1.0
http://snomed.info/id/387200005,http://ncicb.nci.nih.gov/xml/owl/EVS/Thesaurus.owl#C66868,True,1.0
http://snomed.info/id/106076001,http://ncicb.nci.nih.gov/xml/owl/EVS/Thesaurus.owl#C36281,True,1.0
http://snomed.info/id/441570004,http://ncicb.nci.nih.gov/xml/owl/EVS/Thesaurus.owl#C74598,True,1.0
http://snomed.info/id/346325008,http://ncicb.nci.nih.gov/xml/owl/EVS/Thesaurus.owl#C52588,True,1.0
http://snomed.info/id/259470008,http://ncicb.nci.nih.gov/xml/owl/EVS/Thesaurus.owl#C61773,True,1.0
http://snomed.info/id/278910002,http://ncicb.nci.nih.gov/xml/owl/EVS/Thesaurus.owl#C81123,True,1.0
http://snomed.info/id/52642002,http://ncicb.nci.nih.gov/xml/owl/EVS/Thesaurus.owl#C735,True,1.0
http://snomed.info/id/417163006,http://ncicb.nci.nih.gov/xml/owl/EVS/Thesaurus.owl#C3671,True,1.0
http://snomed.info/id/422042001,http://ncicb.nci.nih.gov/xml/owl/EVS/Thesaurus.owl#C2194,False,1.0
http://snomed.info/id/88802007,http://ncicb.nci.nih.gov/xml/owl/EVS/Thesaurus.owl#C79807,True,1.0
http://snomed.info/id/782375001,http://ncicb.nci.nih.gov/xml/owl/EVS/Thesaurus.owl#C1323,True,1.0
http://snomed.info/id/63676001,http://ncicb.nci.nih.gov/xml/owl/EVS/Thesaurus.owl#C29606,True,1.0
http://snomed.info/id/395733003,http://ncicb.nci.nih.gov/xml/owl/EVS/Thesaurus.owl#C1317,True,1.0
http://snomed.info/id/782570005,http://ncicb.nci.nih.gov/xml/owl/EVS/Thesaurus.owl#C61773,True,1.0
http://snomed.info/id/424943007,http://ncicb.nci.nih.gov/xml/owl/EVS/Thesaurus.owl#C1745,True,1.0
http://snomed.info/id/23433006,http://ncicb.nci.nih.gov/xml/owl/EVS/Thesaurus.owl#C29029,True,1.0
http://snomed.info/id/395763007,http://ncicb.nci.nih.gov/xml/owl/EVS/Thesaurus.owl#C29250,True,1.0
http://snomed.info/id/111131008,http://ncicb.nci.nih.gov/xml/owl/EVS/Thesaurus.owl#C872,True,1.0
http://snomed.info/id/26370007,http://ncicb.nci.nih.gov/xml/owl/EVS/Thesaurus.owl#C78311,True,1.0
http://snomed.info/id/126223008,http://ncicb.nci.nih.gov/xml/owl/EVS/Thesaurus.owl#C607,True,1.0
http://snomed.info/id/419598008,http://ncicb.nci.nih.gov/xml/owl/EVS/Thesaurus.owl#C2220,True,1.0
http://snomed.info/id/69314008,http://ncicb.nci.nih.gov/xml/owl/EVS/Thesaurus.owl#C47646,False,1.0
http://snomed.info/id/734874007,http://ncicb.nci.nih.gov/xml/owl/EVS/Thesaurus.owl#C272,True,1.0
http://snomed.info/id/895275007,http://ncicb.nci.nih.gov/xml/owl/EVS/Thesaurus.owl#C254,True,1.0
http://snomed.info/id/428681007,http://ncicb.nci.nih.gov/xml/owl/EVS/Thesaurus.owl#C1555,True,1.0
http://snomed.info/id/734600000,http://ncicb.nci.nih.gov/xml/owl/EVS/Thesaurus.owl#C2151,True,1.0
http://snomed.info/id/387474003,http://ncicb.nci.nih.gov/xml/owl/EVS/Thesaurus.owl#C773,False,1.0
http://snomed.info/id/410652009,http://ncicb.nci.nih.gov/xml/owl/EVS/Thesaurus.owl#C19448,True,1.0
http://snomed.info/id/108713004,http://ncicb.nci.nih.gov/xml/owl/EVS/Thesaurus.owl#C61928,True,1.0
http://snomed.info/id/788642007,http://ncicb.nci.nih.gov/xml/owl/EVS/Thesaurus.owl#C63347,True,1.0
http://snomed.info/id/256017007,http://ncicb.nci.nih.gov/xml/owl/EVS/Thesaurus.owl#C80991,False,1.0
http://snomed.info/id/412528004,http://ncicb.nci.nih.gov/xml/owl/EVS/Thesaurus.owl#C76318,True,1.0
http://snomed.info/id/372794006,http://ncicb.nci.nih.gov/xml/owl/EVS/Thesaurus.owl#C29701,True,1.0
http://snomed.info/id/76587005,http://ncicb.nci.nih.gov/xml/owl/EVS/Thesaurus.owl#C517,True,1.0
http://snomed.info/id/387468003,http://ncicb.nci.nih.gov/xml/owl/EVS/Thesaurus.owl#C65526,False,1.0
http://snomed.info/id/789359000,http://ncicb.nci.nih.gov/xml/owl/EVS/Thesaurus.owl#C162995,False,1.0
http://snomed.info/id/372538008,http://ncicb.nci.nih.gov/xml/owl/EVS/Thesaurus.owl#C62040,True,1.0
http://snomed.info/id/372572000,http://ncicb.nci.nih.gov/xml/owl/EVS/Thesaurus.owl#C61940,True,1.0
http://snomed.info/id/372916001,http://ncicb.nci.nih.gov/xml/owl/EVS/Thesaurus.owl#C72910,True,1.0
http://snomed.info/id/372627001,http://ncicb.nci.nih.gov/xml/owl/EVS/Thesaurus.owl#C360,True,1.0
http://snomed.info/id/372755005,http://ncicb.nci.nih.gov/xml/owl/EVS/Thesaurus.owl#C66506,True,1.0
http://snomed.info/id/50754002,http://ncicb.nci.nih.gov/xml/owl/EVS/Thesaurus.owl#C904,True,1.0
http://snomed.info/id/127384006,http://ncicb.nci.nih.gov/xml/owl/EVS/Thesaurus.owl#C329,True,1.0
http://snomed.info/id/20691000122100,http://ncicb.nci.nih.gov/xml/owl/EVS/Thesaurus.owl#C99563,True,1.0
http://snomed.info/id/27378009,http://ncicb.nci.nih.gov/xml/owl/EVS/Thesaurus.owl#C61997,True,1.0
http://snomed.info/id/734575003,http://ncicb.nci.nih.gov/xml/owl/EVS/Thesaurus.owl#C1748,True,1.0
http://snomed.info/id/96146007,http://ncicb.nci.nih.gov/xml/owl/EVS/Thesaurus.owl#C142371,True,1.0
http://snomed.info/id/734934002,http://ncicb.nci.nih.gov/xml/owl/EVS/Thesaurus.owl#C2486,True,1.0
http://snomed.info/id/412166009,http://ncicb.nci.nih.gov/xml/owl/EVS/Thesaurus.owl#C80656,True,1.0
http://snomed.info/id/782571009,http://ncicb.nci.nih.gov/xml/owl/EVS/Thesaurus.owl#C1440,True,1.0
http://snomed.info/id/387480006,http://ncicb.nci.nih.gov/xml/owl/EVS/Thesaurus.owl#C48000,False,1.0
http://snomed.info/id/96288007,http://ncicb.nci.nih.gov/xml/owl/EVS/Thesaurus.owl#C61875,True,1.0
http://snomed.info/id/30827002,http://ncicb.nci.nih.gov/xml/owl/EVS/Thesaurus.owl#C83540,True,1.0
http://snomed.info/id/30827002,http://ncicb.nci.nih.gov/xml/owl/EVS/Thesaurus.owl#C83541,False,1.0
http://snomed.info/id/47677002,http://ncicb.nci.nih.gov/xml/owl/EVS/Thesaurus.owl#C80143,False,1.0
http://snomed.info/id/59751001,http://ncicb.nci.nih.gov/xml/owl/EVS/Thesaurus.owl#C66917,True,1.0
http://snomed.info/id/387230002,http://ncicb.nci.nih.gov/xml/owl/EVS/Thesaurus.owl#C81340,True,1.0
http://snomed.info/id/767362004,http://ncicb.nci.nih.gov/xml/owl/EVS/Thesaurus.owl#C1450,True,1.0
http://snomed.info/id/373337007,http://ncicb.nci.nih.gov/xml/owl/EVS/Thesaurus.owl#C646,True,1.0
http://snomed.info/id/423078004,http://ncicb.nci.nih.gov/xml/owl/EVS/Thesaurus.owl#C1946,True,1.0
http://snomed.info/id/10174003,http://ncicb.nci.nih.gov/xml/owl/EVS/Thesaurus.owl#C773,True,1.0
http://snomed.info/id/387264003,http://ncicb.nci.nih.gov/xml/owl/EVS/Thesaurus.owl#C28982,True,1.0
http://snomed.info/id/63004003,http://ncicb.nci.nih.gov/xml/owl/EVS/Thesaurus.owl#C61715,False,1.0
http://snomed.info/id/63004003,http://ncicb.nci.nih.gov/xml/owl/EVS/Thesaurus.owl#C61713,False,1.0
http://snomed.info/id/255968003,http://ncicb.nci.nih.gov/xml/owl/EVS/Thesaurus.owl#C170039,True,1.0
http://snomed.info/id/77673009,http://ncicb.nci.nih.gov/xml/owl/EVS/Thesaurus.owl#C48646,True,1.0
http://snomed.info/id/39525005,http://ncicb.nci.nih.gov/xml/owl/EVS/Thesaurus.owl#C913,True,1.0
http://snomed.info/id/442263003,http://ncicb.nci.nih.gov/xml/owl/EVS/Thesaurus.owl#C155981,True,1.0
http://snomed.info/id/12502001,http://ncicb.nci.nih.gov/xml/owl/EVS/Thesaurus.owl#C80991,True,1.0
http://snomed.info/id/412564003,http://ncicb.nci.nih.gov/xml/owl/EVS/Thesaurus.owl#C136824,True,1.0
http://snomed.info/id/48075008,http://ncicb.nci.nih.gov/xml/owl/EVS/Thesaurus.owl#C12470,True,1.0
http://snomed.info/id/738747006,http://ncicb.nci.nih.gov/xml/owl/EVS/Thesaurus.owl#C152666,True,1.0
http://snomed.info/id/1149379008,http://ncicb.nci.nih.gov/xml/owl/EVS/Thesaurus.owl#C175815,False,1.0
http://snomed.info/id/387297002,http://ncicb.nci.nih.gov/xml/owl/EVS/Thesaurus.owl#C633,True,1.0
http://snomed.info/id/109083009,http://ncicb.nci.nih.gov/xml/owl/EVS/Thesaurus.owl#C173523,False,1.0
http://snomed.info/id/412608008,http://ncicb.nci.nih.gov/xml/owl/EVS/Thesaurus.owl#C60810,True,1.0
http://snomed.info/id/372487007,http://ncicb.nci.nih.gov/xml/owl/EVS/Thesaurus.owl#C48007,False,1.0
http://snomed.info/id/387109000,http://ncicb.nci.nih.gov/xml/owl/EVS/Thesaurus.owl#C62030,True,1.0
http://snomed.info/id/259659006,http://ncicb.nci.nih.gov/xml/owl/EVS/Thesaurus.owl#C45812,False,1.0
http://snomed.info/id/65088001,http://ncicb.nci.nih.gov/xml/owl/EVS/Thesaurus.owl#C29382,True,1.0
http://snomed.info/id/372579009,http://ncicb.nci.nih.gov/xml/owl/EVS/Thesaurus.owl#C68299,True,1.0
http://snomed.info/id/372532009,http://ncicb.nci.nih.gov/xml/owl/EVS/Thesaurus.owl#C61927,True,1.0
http://snomed.info/id/372532009,http://ncicb.nci.nih.gov/xml/owl/EVS/Thesaurus.owl#C61928,True,1.0
http://snomed.info/id/428505006,http://ncicb.nci.nih.gov/xml/owl/EVS/Thesaurus.owl#C37452,False,1.0
http://snomed.info/id/428714003,http://ncicb.nci.nih.gov/xml/owl/EVS/Thesaurus.owl#C80008,False,1.0
http://snomed.info/id/387107003,http://ncicb.nci.nih.gov/xml/owl/EVS/Thesaurus.owl#C47685,True,1.0
http://snomed.info/id/395772004,http://ncicb.nci.nih.gov/xml/owl/EVS/Thesaurus.owl#C87616,True,1.0
http://snomed.info/id/395772004,http://ncicb.nci.nih.gov/xml/owl/EVS/Thesaurus.owl#C87615,True,1.0
http://snomed.info/id/81745001,http://ncicb.nci.nih.gov/xml/owl/EVS/Thesaurus.owl#C12401,True,1.0
http://snomed.info/id/372520005,http://ncicb.nci.nih.gov/xml/owl/EVS/Thesaurus.owl#C47408,True,1.0
http://snomed.info/id/41368006,http://ncicb.nci.nih.gov/xml/owl/EVS/Thesaurus.owl#C3430,True,1.0
http://snomed.info/id/409408008,http://ncicb.nci.nih.gov/xml/owl/EVS/Thesaurus.owl#C1742,True,1.0
http://snomed.info/id/372806008,http://ncicb.nci.nih.gov/xml/owl/EVS/Thesaurus.owl#C29578,True,1.0
http://snomed.info/id/95976009,http://ncicb.nci.nih.gov/xml/owl/EVS/Thesaurus.owl#C61631,True,1.0
http://snomed.info/id/415710007,http://ncicb.nci.nih.gov/xml/owl/EVS/Thesaurus.owl#C68542,True,1.0
http://snomed.info/id/387427007,http://ncicb.nci.nih.gov/xml/owl/EVS/Thesaurus.owl#C933,True,1.0
http://snomed.info/id/71668006,http://ncicb.nci.nih.gov/xml/owl/EVS/Thesaurus.owl#C47444,False,1.0
http://snomed.info/id/373254001,http://ncicb.nci.nih.gov/xml/owl/EVS/Thesaurus.owl#C29576,True,1.0
http://snomed.info/id/373476007,http://ncicb.nci.nih.gov/xml/owl/EVS/Thesaurus.owl#C654,False,1.0
http://snomed.info/id/108794009,http://ncicb.nci.nih.gov/xml/owl/EVS/Thesaurus.owl#C85457,True,1.0
http://snomed.info/id/372866006,http://ncicb.nci.nih.gov/xml/owl/EVS/Thesaurus.owl#C47973,True,1.0
http://snomed.info/id/734587005,http://ncicb.nci.nih.gov/xml/owl/EVS/Thesaurus.owl#C2021,True,1.0
http://snomed.info/id/395954002,http://ncicb.nci.nih.gov/xml/owl/EVS/Thesaurus.owl#C61627,True,1.0
http://snomed.info/id/69314008,http://ncicb.nci.nih.gov/xml/owl/EVS/Thesaurus.owl#C74401,False,1.0
http://snomed.info/id/256180000,http://ncicb.nci.nih.gov/xml/owl/EVS/Thesaurus.owl#C87222,False,1.0
http://snomed.info/id/80918003,http://ncicb.nci.nih.gov/xml/owl/EVS/Thesaurus.owl#C785,True,1.0
http://snomed.info/id/387564004,http://ncicb.nci.nih.gov/xml/owl/EVS/Thesaurus.owl#C62012,True,1.0
http://snomed.info/id/71544008,http://ncicb.nci.nih.gov/xml/owl/EVS/Thesaurus.owl#C28179,True,1.0
http://snomed.info/id/372817009,http://ncicb.nci.nih.gov/xml/owl/EVS/Thesaurus.owl#C1326,True,1.0
http://snomed.info/id/129497004,http://ncicb.nci.nih.gov/xml/owl/EVS/Thesaurus.owl#C65963,True,1.0
http://snomed.info/id/387566002,http://ncicb.nci.nih.gov/xml/owl/EVS/Thesaurus.owl#C154301,True,1.0
http://snomed.info/id/372803000,http://ncicb.nci.nih.gov/xml/owl/EVS/Thesaurus.owl#C61856,True,1.0
http://snomed.info/id/10174003,http://ncicb.nci.nih.gov/xml/owl/EVS/Thesaurus.owl#C62072,True,1.0
http://snomed.info/id/387109000,http://ncicb.nci.nih.gov/xml/owl/EVS/Thesaurus.owl#C29060,True,1.0
http://snomed.info/id/40601003,http://ncicb.nci.nih.gov/xml/owl/EVS/Thesaurus.owl#C47973,True,1.0
http://snomed.info/id/418139001,http://ncicb.nci.nih.gov/xml/owl/EVS/Thesaurus.owl#C80935,True,1.0
http://snomed.info/id/426388000,http://ncicb.nci.nih.gov/xml/owl/EVS/Thesaurus.owl#C48002,True,1.0
http://snomed.info/id/108646003,http://ncicb.nci.nih.gov/xml/owl/EVS/Thesaurus.owl#C47408,True,1.0
http://snomed.info/id/734576002,http://ncicb.nci.nih.gov/xml/owl/EVS/Thesaurus.owl#C1637,True,1.0
http://snomed.info/id/387302004,http://ncicb.nci.nih.gov/xml/owl/EVS/Thesaurus.owl#C80003,False,1.0
http://snomed.info/id/387495008,http://ncicb.nci.nih.gov/xml/owl/EVS/Thesaurus.owl#C74152,False,1.0
http://snomed.info/id/308489006,http://ncicb.nci.nih.gov/xml/owl/EVS/Thesaurus.owl#C16956,True,1.0
http://snomed.info/id/444706005,http://ncicb.nci.nih.gov/xml/owl/EVS/Thesaurus.owl#C87453,True,1.0
http://snomed.info/id/734583009,http://ncicb.nci.nih.gov/xml/owl/EVS/Thesaurus.owl#C2148,True,1.0
http://snomed.info/id/741013008,http://ncicb.nci.nih.gov/xml/owl/EVS/Thesaurus.owl#C139651,True,1.0
http://snomed.info/id/18858006,http://ncicb.nci.nih.gov/xml/owl/EVS/Thesaurus.owl#C68534,True,1.0
http://snomed.info/id/10534002,http://ncicb.nci.nih.gov/xml/owl/EVS/Thesaurus.owl#C101518,False,1.0
http://snomed.info/id/734768002,http://ncicb.nci.nih.gov/xml/owl/EVS/Thesaurus.owl#C29575,False,1.0
http://snomed.info/id/372784001,http://ncicb.nci.nih.gov/xml/owl/EVS/Thesaurus.owl#C80006,False,1.0
http://snomed.info/id/18414002,http://ncicb.nci.nih.gov/xml/owl/EVS/Thesaurus.owl#C29029,False,1.0
http://snomed.info/id/788028003,http://ncicb.nci.nih.gov/xml/owl/EVS/Thesaurus.owl#C271,True,1.0
http://snomed.info/id/387150008,http://ncicb.nci.nih.gov/xml/owl/EVS/Thesaurus.owl#C62011,True,1.0
http://snomed.info/id/725734005,http://ncicb.nci.nih.gov/xml/owl/EVS/Thesaurus.owl#C47417,True,1.0
http://snomed.info/id/713360008,http://ncicb.nci.nih.gov/xml/owl/EVS/Thesaurus.owl#C762,True,1.0
http://snomed.info/id/734603003,http://ncicb.nci.nih.gov/xml/owl/EVS/Thesaurus.owl#C1589,True,1.0
http://snomed.info/id/784176007,http://ncicb.nci.nih.gov/xml/owl/EVS/Thesaurus.owl#C159156,True,1.0
http://snomed.info/id/387302004,http://ncicb.nci.nih.gov/xml/owl/EVS/Thesaurus.owl#C75929,True,1.0
http://snomed.info/id/387485001,http://ncicb.nci.nih.gov/xml/owl/EVS/Thesaurus.owl#C436,True,1.0
http://snomed.info/id/372479006,http://ncicb.nci.nih.gov/xml/owl/EVS/Thesaurus.owl#C47761,True,1.0
http://snomed.info/id/428282007,http://ncicb.nci.nih.gov/xml/owl/EVS/Thesaurus.owl#C37452,True,1.0
http://snomed.info/id/372557004,http://ncicb.nci.nih.gov/xml/owl/EVS/Thesaurus.owl#C755,False,1.0
http://snomed.info/id/764146007,http://ncicb.nci.nih.gov/xml/owl/EVS/Thesaurus.owl#C80247,False,1.0
http://snomed.info/id/8612007,http://ncicb.nci.nih.gov/xml/owl/EVS/Thesaurus.owl#C913,True,1.0
http://snomed.info/id/116521005,http://ncicb.nci.nih.gov/xml/owl/EVS/Thesaurus.owl#C28932,True,1.0
http://snomed.info/id/126162007,http://ncicb.nci.nih.gov/xml/owl/EVS/Thesaurus.owl#C2298,False,1.0
http://snomed.info/id/5774007,http://ncicb.nci.nih.gov/xml/owl/EVS/Thesaurus.owl#C29538,True,1.0
http://snomed.info/id/783924002,http://ncicb.nci.nih.gov/xml/owl/EVS/Thesaurus.owl#C47794,True,1.0
http://snomed.info/id/412029000,http://ncicb.nci.nih.gov/xml/owl/EVS/Thesaurus.owl#C170404,True,1.0
http://snomed.info/id/781565001,http://ncicb.nci.nih.gov/xml/owl/EVS/Thesaurus.owl#C124946,True,1.0
http://snomed.info/id/373492002,http://ncicb.nci.nih.gov/xml/owl/EVS/Thesaurus.owl#C61762,False,1.0
http://snomed.info/id/86659000,http://ncicb.nci.nih.gov/xml/owl/EVS/Thesaurus.owl#C29497,True,1.0
http://snomed.info/id/784740002,http://ncicb.nci.nih.gov/xml/owl/EVS/Thesaurus.owl#C47504,True,1.0
http://snomed.info/id/129482002,http://ncicb.nci.nih.gov/xml/owl/EVS/Thesaurus.owl#C47546,True,1.0
http://snomed.info/id/432165000,http://ncicb.nci.nih.gov/xml/owl/EVS/Thesaurus.owl#C107240,True,1.0
http://snomed.info/id/440561000124100,http://ncicb.nci.nih.gov/xml/owl/EVS/Thesaurus.owl#C2678,True,1.0
http://snomed.info/id/37957009,http://ncicb.nci.nih.gov/xml/owl/EVS/Thesaurus.owl#C97986,True,1.0
http://snomed.info/id/876837000,http://ncicb.nci.nih.gov/xml/owl/EVS/Thesaurus.owl#C138995,True,1.0
http://snomed.info/id/259446009,http://ncicb.nci.nih.gov/xml/owl/EVS/Thesaurus.owl#C77375,True,1.0
http://snomed.info/id/129482002,http://ncicb.nci.nih.gov/xml/owl/EVS/Thesaurus.owl#C159888,False,1.0
http://snomed.info/id/49062001,http://ncicb.nci.nih.gov/xml/owl/EVS/Thesaurus.owl#C16830,False,1.0
http://snomed.info/id/395917006,http://ncicb.nci.nih.gov/xml/owl/EVS/Thesaurus.owl#C95284,False,1.0
http://snomed.info/id/372596005,http://ncicb.nci.nih.gov/xml/owl/EVS/Thesaurus.owl#C28932,False,1.0
http://snomed.info/id/387495008,http://ncicb.nci.nih.gov/xml/owl/EVS/Thesaurus.owl#C998,True,1.0
http://snomed.info/id/387342009,http://ncicb.nci.nih.gov/xml/owl/EVS/Thesaurus.owl#C28858,True,1.0
http://snomed.info/id/734620004,http://ncicb.nci.nih.gov/xml/owl/EVS/Thesaurus.owl#C155322,True,1.0
http://snomed.info/id/63730009,http://ncicb.nci.nih.gov/xml/owl/EVS/Thesaurus.owl#C96281,False,1.0
http://snomed.info/id/372688009,http://ncicb.nci.nih.gov/xml/owl/EVS/Thesaurus.owl#C274,True,1.0
http://snomed.info/id/14340003,http://ncicb.nci.nih.gov/xml/owl/EVS/Thesaurus.owl#C156452,False,1.0
http://snomed.info/id/417916005,http://ncicb.nci.nih.gov/xml/owl/EVS/Thesaurus.owl#C62028,True,1.0
http://snomed.info/id/129479007,http://ncicb.nci.nih.gov/xml/owl/EVS/Thesaurus.owl#C48031,True,1.0
http://snomed.info/id/422042001,http://ncicb.nci.nih.gov/xml/owl/EVS/Thesaurus.owl#C61948,True,1.0
http://snomed.info/id/108927002,http://ncicb.nci.nih.gov/xml/owl/EVS/Thesaurus.owl#C29492,True,1.0
http://snomed.info/id/386918005,http://ncicb.nci.nih.gov/xml/owl/EVS/Thesaurus.owl#C1526,True,1.0
http://snomed.info/id/387569009,http://ncicb.nci.nih.gov/xml/owl/EVS/Thesaurus.owl#C29553,False,1.0
http://snomed.info/id/387306001,http://ncicb.nci.nih.gov/xml/owl/EVS/Thesaurus.owl#C61944,True,1.0
http://snomed.info/id/387485001,http://ncicb.nci.nih.gov/xml/owl/EVS/Thesaurus.owl#C62034,True,1.0
http://snomed.info/id/703796003,http://ncicb.nci.nih.gov/xml/owl/EVS/Thesaurus.owl#C95777,True,1.0
http://snomed.info/id/44508008,http://ncicb.nci.nih.gov/xml/owl/EVS/Thesaurus.owl#C436,False,1.0
http://snomed.info/id/372628006,http://ncicb.nci.nih.gov/xml/owl/EVS/Thesaurus.owl#C61742,True,1.0
http://snomed.info/id/96249005,http://ncicb.nci.nih.gov/xml/owl/EVS/Thesaurus.owl#C76051,True,1.0
http://snomed.info/id/789180004,http://ncicb.nci.nih.gov/xml/owl/EVS/Thesaurus.owl#C88303,True,1.0
http://snomed.info/id/372817009,http://ncicb.nci.nih.gov/xml/owl/EVS/Thesaurus.owl#C456,True,1.0
http://snomed.info/id/51321007,http://ncicb.nci.nih.gov/xml/owl/EVS/Thesaurus.owl#C47694,True,1.0
http://snomed.info/id/372916001,http://ncicb.nci.nih.gov/xml/owl/EVS/Thesaurus.owl#C66357,False,1.0
http://snomed.info/id/372503006,http://ncicb.nci.nih.gov/xml/owl/EVS/Thesaurus.owl#C87448,True,1.0
http://snomed.info/id/108765002,http://ncicb.nci.nih.gov/xml/owl/EVS/Thesaurus.owl#C64338,True,1.0
http://snomed.info/id/734556008,http://ncicb.nci.nih.gov/xml/owl/EVS/Thesaurus.owl#C2127,True,1.0
http://snomed.info/id/373764006,http://ncicb.nci.nih.gov/xml/owl/EVS/Thesaurus.owl#C47651,True,1.0
http://snomed.info/id/372772003,http://ncicb.nci.nih.gov/xml/owl/EVS/Thesaurus.owl#C62073,True,1.0
http://snomed.info/id/108375002,http://ncicb.nci.nih.gov/xml/owl/EVS/Thesaurus.owl#C47583,True,1.0
http://snomed.info/id/87148003,http://ncicb.nci.nih.gov/xml/owl/EVS/Thesaurus.owl#C95316,False,1.0
http://snomed.info/id/387296006,http://ncicb.nci.nih.gov/xml/owl/EVS/Thesaurus.owl#C95050,False,1.0
http://snomed.info/id/387107003,http://ncicb.nci.nih.gov/xml/owl/EVS/Thesaurus.owl#C48012,False,1.0
http://snomed.info/id/53009005,http://ncicb.nci.nih.gov/xml/owl/EVS/Thesaurus.owl#C241,True,1.0
http://snomed.info/id/412134004,http://ncicb.nci.nih.gov/xml/owl/EVS/Thesaurus.owl#C74357,False,1.0
http://snomed.info/id/372520005,http://ncicb.nci.nih.gov/xml/owl/EVS/Thesaurus.owl#C61643,True,1.0
http://snomed.info/id/372908005,http://ncicb.nci.nih.gov/xml/owl/EVS/Thesaurus.owl#C1332,True,1.0
http://snomed.info/id/428714003,http://ncicb.nci.nih.gov/xml/owl/EVS/Thesaurus.owl#C61892,True,1.0
http://snomed.info/id/725671004,http://ncicb.nci.nih.gov/xml/owl/EVS/Thesaurus.owl#C66868,True,1.0
http://snomed.info/id/373489001,http://ncicb.nci.nih.gov/xml/owl/EVS/Thesaurus.owl#C61634,True,1.0
http://snomed.info/id/387137007,http://ncicb.nci.nih.gov/xml/owl/EVS/Thesaurus.owl#C716,True,1.0
http://snomed.info/id/255620007,http://ncicb.nci.nih.gov/xml/owl/EVS/Thesaurus.owl#C1949,True,1.0
http://snomed.info/id/395828009,http://ncicb.nci.nih.gov/xml/owl/EVS/Thesaurus.owl#C29367,True,1.0
http://snomed.info/id/88551000,http://ncicb.nci.nih.gov/xml/owl/EVS/Thesaurus.owl#C288,True,1.0
http://snomed.info/id/784017009,http://ncicb.nci.nih.gov/xml/owl/EVS/Thesaurus.owl#C2153,True,1.0
http://snomed.info/id/387420009,http://ncicb.nci.nih.gov/xml/owl/EVS/Thesaurus.owl#C405,True,1.0
http://snomed.info/id/372533004,http://ncicb.nci.nih.gov/xml/owl/EVS/Thesaurus.owl#C226,True,1.0
http://snomed.info/id/72179002,http://ncicb.nci.nih.gov/xml/owl/EVS/Thesaurus.owl#C47646,True,1.0
http://snomed.info/id/433451001,http://ncicb.nci.nih.gov/xml/owl/EVS/Thesaurus.owl#C2486,True,1.0
http://snomed.info/id/387418006,http://ncicb.nci.nih.gov/xml/owl/EVS/Thesaurus.owl#C61741,True,1.0
http://snomed.info/id/30804005,http://ncicb.nci.nih.gov/xml/owl/EVS/Thesaurus.owl#C81123,False,1.0
http://snomed.info/id/775779007,http://ncicb.nci.nih.gov/xml/owl/EVS/Thesaurus.owl#C29084,False,1.0
http://snomed.info/id/432886002,http://ncicb.nci.nih.gov/xml/owl/EVS/Thesaurus.owl#C2194,True,1.0
http://snomed.info/id/720023002,http://ncicb.nci.nih.gov/xml/owl/EVS/Thesaurus.owl#C74357,True,1.0
http://snomed.info/id/387357002,http://ncicb.nci.nih.gov/xml/owl/EVS/Thesaurus.owl#C28923,True,1.0
http://snomed.info/id/734582004,http://ncicb.nci.nih.gov/xml/owl/EVS/Thesaurus.owl#C29723,True,1.0
http://snomed.info/id/46335000,http://ncicb.nci.nih.gov/xml/owl/EVS/Thesaurus.owl#C74401,True,1.0
http://snomed.info/id/768595006,http://ncicb.nci.nih.gov/xml/owl/EVS/Thesaurus.owl#C669,False,1.0
http://snomed.info/id/725861003,http://ncicb.nci.nih.gov/xml/owl/EVS/Thesaurus.owl#C1381,True,1.0
http://snomed.info/id/734652004,http://ncicb.nci.nih.gov/xml/owl/EVS/Thesaurus.owl#C72742,True,1.0
http://snomed.info/id/372508002,http://ncicb.nci.nih.gov/xml/owl/EVS/Thesaurus.owl#C29005,True,1.0
http://snomed.info/id/387342009,http://ncicb.nci.nih.gov/xml/owl/EVS/Thesaurus.owl#C90887,True,1.0
http://snomed.info/id/32370002,http://ncicb.nci.nih.gov/xml/owl/EVS/Thesaurus.owl#C47504,True,1.0
http://snomed.info/id/373265006,http://ncicb.nci.nih.gov/xml/owl/EVS/Thesaurus.owl#C241,True,1.0
http://snomed.info/id/18414002,http://ncicb.nci.nih.gov/xml/owl/EVS/Thesaurus.owl#C941,True,1.0
http://snomed.info/id/108531000,http://ncicb.nci.nih.gov/xml/owl/EVS/Thesaurus.owl#C47412,True,1.0
http://snomed.info/id/372602008,http://ncicb.nci.nih.gov/xml/owl/EVS/Thesaurus.owl#C48005,False,1.0
http://snomed.info/id/87612001,http://ncicb.nci.nih.gov/xml/owl/EVS/Thesaurus.owl#C12434,True,1.0
http://snomed.info/id/1182007,http://ncicb.nci.nih.gov/xml/owl/EVS/Thesaurus.owl#C270,True,1.0
http://snomed.info/id/387297002,http://ncicb.nci.nih.gov/xml/owl/EVS/Thesaurus.owl#C48002,False,1.0
http://snomed.info/id/386997004,http://ncicb.nci.nih.gov/xml/owl/EVS/Thesaurus.owl#C79855,True,1.0
http://snomed.info/id/386997004,http://ncicb.nci.nih.gov/xml/owl/EVS/Thesaurus.owl#C79856,True,1.0
http://snomed.info/id/787993002,http://ncicb.nci.nih.gov/xml/owl/EVS/Thesaurus.owl#C250,True,1.0
http://snomed.info/id/412328000,http://ncicb.nci.nih.gov/xml/owl/EVS/Thesaurus.owl#C118288,True,1.0
http://snomed.info/id/876837000,http://ncicb.nci.nih.gov/xml/owl/EVS/Thesaurus.owl#C90564,True,1.0
http://snomed.info/id/3941003,http://ncicb.nci.nih.gov/xml/owl/EVS/Thesaurus.owl#C48005,True,1.0
http://snomed.info/id/372682005,http://ncicb.nci.nih.gov/xml/owl/EVS/Thesaurus.owl#C300,True,1.0
http://snomed.info/id/96197004,http://ncicb.nci.nih.gov/xml/owl/EVS/Thesaurus.owl#C77631,True,1.0
http://snomed.info/id/428787002,http://ncicb.nci.nih.gov/xml/owl/EVS/Thesaurus.owl#C67445,True,1.0
http://snomed.info/id/255844007,http://ncicb.nci.nih.gov/xml/owl/EVS/Thesaurus.owl#C92608,True,1.0
http://snomed.info/id/363638009,http://ncicb.nci.nih.gov/xml/owl/EVS/Thesaurus.owl#C96349,False,1.0
http://snomed.info/id/88802007,http://ncicb.nci.nih.gov/xml/owl/EVS/Thesaurus.owl#C79796,True,1.0
http://snomed.info/id/387357002,http://ncicb.nci.nih.gov/xml/owl/EVS/Thesaurus.owl#C84658,False,1.0
http://snomed.info/id/734580007,http://ncicb.nci.nih.gov/xml/owl/EVS/Thesaurus.owl#C1740,True,1.0
http://snomed.info/id/108794009,http://ncicb.nci.nih.gov/xml/owl/EVS/Thesaurus.owl#C1395,True,1.0
http://snomed.info/id/417916005,http://ncicb.nci.nih.gov/xml/owl/EVS/Thesaurus.owl#C474,True,1.0
http://snomed.info/id/762432004,http://ncicb.nci.nih.gov/xml/owl/EVS/Thesaurus.owl#C139651,True,1.0
http://snomed.info/id/372613006,http://ncicb.nci.nih.gov/xml/owl/EVS/Thesaurus.owl#C1556,True,1.0
http://snomed.info/id/387206004,http://ncicb.nci.nih.gov/xml/owl/EVS/Thesaurus.owl#C65963,False,1.0
http://snomed.info/id/412241004,http://ncicb.nci.nih.gov/xml/owl/EVS/Thesaurus.owl#C71795,False,1.0
http://snomed.info/id/782441003,http://ncicb.nci.nih.gov/xml/owl/EVS/Thesaurus.owl#C2137,True,1.0
http://snomed.info/id/373450007,http://ncicb.nci.nih.gov/xml/owl/EVS/Thesaurus.owl#C29492,False,1.0
http://snomed.info/id/372503006,http://ncicb.nci.nih.gov/xml/owl/EVS/Thesaurus.owl#C47412,True,1.0
http://snomed.info/id/4864008,http://ncicb.nci.nih.gov/xml/owl/EVS/Thesaurus.owl#C127122,False,1.0
http://snomed.info/id/10202007,http://ncicb.nci.nih.gov/xml/owl/EVS/Thesaurus.owl#C121971,True,1.0
http://snomed.info/id/396065004,http://ncicb.nci.nih.gov/xml/owl/EVS/Thesaurus.owl#C607,True,1.0
http://snomed.info/id/895592002,http://ncicb.nci.nih.gov/xml/owl/EVS/Thesaurus.owl#C162995,True,1.0
http://snomed.info/id/372596005,http://ncicb.nci.nih.gov/xml/owl/EVS/Thesaurus.owl#C61680,True,1.0
http://snomed.info/id/387480006,http://ncicb.nci.nih.gov/xml/owl/EVS/Thesaurus.owl#C614,True,1.0
http://snomed.info/id/18321003,http://ncicb.nci.nih.gov/xml/owl/EVS/Thesaurus.owl#C29497,True,1.0
http://snomed.info/id/734584003,http://ncicb.nci.nih.gov/xml/owl/EVS/Thesaurus.owl#C29577,True,1.0
http://snomed.info/id/387283005,http://ncicb.nci.nih.gov/xml/owl/EVS/Thesaurus.owl#C767,True,1.0
http://snomed.info/id/372533004,http://ncicb.nci.nih.gov/xml/owl/EVS/Thesaurus.owl#C1579,False,1.0
http://snomed.info/id/372715008,http://ncicb.nci.nih.gov/xml/owl/EVS/Thesaurus.owl#C1583,True,1.0
http://snomed.info/id/74138002,http://ncicb.nci.nih.gov/xml/owl/EVS/Thesaurus.owl#C1303,False,1.0
http://snomed.info/id/734579009,http://ncicb.nci.nih.gov/xml/owl/EVS/Thesaurus.owl#C247,True,1.0
http://snomed.info/id/735963006,http://ncicb.nci.nih.gov/xml/owl/EVS/Thesaurus.owl#C47792,True,1.0
http://snomed.info/id/42163009,http://ncicb.nci.nih.gov/xml/owl/EVS/Thesaurus.owl#C646,True,1.0
http://snomed.info/id/426551002,http://ncicb.nci.nih.gov/xml/owl/EVS/Thesaurus.owl#C47548,True,1.0
http://snomed.info/id/443763005,http://ncicb.nci.nih.gov/xml/owl/EVS/Thesaurus.owl#C60779,False,1.0
http://snomed.info/id/703123005,http://ncicb.nci.nih.gov/xml/owl/EVS/Thesaurus.owl#C76929,True,1.0
http://snomed.info/id/4025009,http://ncicb.nci.nih.gov/xml/owl/EVS/Thesaurus.owl#C81137,True,1.0
http://snomed.info/id/52130006,http://ncicb.nci.nih.gov/xml/owl/EVS/Thesaurus.owl#C792,True,1.0
http://snomed.info/id/387306001,http://ncicb.nci.nih.gov/xml/owl/EVS/Thesaurus.owl#C47726,True,1.0
http://snomed.info/id/63094006,http://ncicb.nci.nih.gov/xml/owl/EVS/Thesaurus.owl#C264,True,1.0
http://snomed.info/id/734552005,http://ncicb.nci.nih.gov/xml/owl/EVS/Thesaurus.owl#C744,True,1.0
http://snomed.info/id/255635008,http://ncicb.nci.nih.gov/xml/owl/EVS/Thesaurus.owl#C28197,True,1.0
http://snomed.info/id/27867009,http://ncicb.nci.nih.gov/xml/owl/EVS/Thesaurus.owl#C274,True,1.0
http://snomed.info/id/725658002,http://ncicb.nci.nih.gov/xml/owl/EVS/Thesaurus.owl#C28837,True,1.0
http://snomed.info/id/767928009,http://ncicb.nci.nih.gov/xml/owl/EVS/Thesaurus.owl#C47487,True,1.0
http://snomed.info/id/395795008,http://ncicb.nci.nih.gov/xml/owl/EVS/Thesaurus.owl#C87210,True,1.0
http://snomed.info/id/387565003,http://ncicb.nci.nih.gov/xml/owl/EVS/Thesaurus.owl#C87209,True,1.0
http://snomed.info/id/738747006,http://ncicb.nci.nih.gov/xml/owl/EVS/Thesaurus.owl#C85444,True,1.0
http://snomed.info/id/703797007,http://ncicb.nci.nih.gov/xml/owl/EVS/Thesaurus.owl#C78194,True,1.0
http://snomed.info/id/409356003,http://ncicb.nci.nih.gov/xml/owl/EVS/Thesaurus.owl#C47788,True,1.0
http://snomed.info/id/387565003,http://ncicb.nci.nih.gov/xml/owl/EVS/Thesaurus.owl#C87210,True,1.0
http://snomed.info/id/387331000,http://ncicb.nci.nih.gov/xml/owl/EVS/Thesaurus.owl#C1820,True,1.0
http://snomed.info/id/96249005,http://ncicb.nci.nih.gov/xml/owl/EVS/Thesaurus.owl#C87695,True,1.0
http://snomed.info/id/387029001,http://ncicb.nci.nih.gov/xml/owl/EVS/Thesaurus.owl#C47487,True,1.0
http://snomed.info/id/395725004,http://ncicb.nci.nih.gov/xml/owl/EVS/Thesaurus.owl#C53408,True,1.0
http://snomed.info/id/717775003,http://ncicb.nci.nih.gov/xml/owl/EVS/Thesaurus.owl#C83960,True,1.0
http://snomed.info/id/386918005,http://ncicb.nci.nih.gov/xml/owl/EVS/Thesaurus.owl#C131903,False,1.0
http://snomed.info/id/77370004,http://ncicb.nci.nih.gov/xml/owl/EVS/Thesaurus.owl#C80130,True,1.0
http://snomed.info/id/781259000,http://ncicb.nci.nih.gov/xml/owl/EVS/Thesaurus.owl#C95020,True,1.0
http://snomed.info/id/387580009,http://ncicb.nci.nih.gov/xml/owl/EVS/Thesaurus.owl#C1418,True,1.0
http://snomed.info/id/53041004,http://ncicb.nci.nih.gov/xml/owl/EVS/Thesaurus.owl#C2190,True,1.0
http://snomed.info/id/734817009,http://ncicb.nci.nih.gov/xml/owl/EVS/Thesaurus.owl#C347,True,1.0
http://snomed.info/id/386923005,http://ncicb.nci.nih.gov/xml/owl/EVS/Thesaurus.owl#C488,True,1.0
http://snomed.info/id/372682005,http://ncicb.nci.nih.gov/xml/owl/EVS/Thesaurus.owl#C61728,True,1.0
http://snomed.info/id/372497003,http://ncicb.nci.nih.gov/xml/owl/EVS/Thesaurus.owl#C47714,True,1.0
http://snomed.info/id/710051007,http://ncicb.nci.nih.gov/xml/owl/EVS/Thesaurus.owl#C2833,True,1.0
http://snomed.info/id/372542006,http://ncicb.nci.nih.gov/xml/owl/EVS/Thesaurus.owl#C273,True,1.0
http://snomed.info/id/66656000,http://ncicb.nci.nih.gov/xml/owl/EVS/Thesaurus.owl#C943,True,1.0
http://snomed.info/id/10202007,http://ncicb.nci.nih.gov/xml/owl/EVS/Thesaurus.owl#C157134,False,1.0
http://snomed.info/id/735169009,http://ncicb.nci.nih.gov/xml/owl/EVS/Thesaurus.owl#C60779,True,1.0
http://snomed.info/id/96287002,http://ncicb.nci.nih.gov/xml/owl/EVS/Thesaurus.owl#C1670,True,1.0
http://snomed.info/id/77370004,http://ncicb.nci.nih.gov/xml/owl/EVS/Thesaurus.owl#C76926,True,1.0
http://snomed.info/id/41146007,http://ncicb.nci.nih.gov/xml/owl/EVS/Thesaurus.owl#C14187,True,1.0
http://snomed.info/id/734586001,http://ncicb.nci.nih.gov/xml/owl/EVS/Thesaurus.owl#C98086,True,1.0
http://snomed.info/id/385238005,http://ncicb.nci.nih.gov/xml/owl/EVS/Thesaurus.owl#C149926,True,1.0
http://snomed.info/id/21847005,http://ncicb.nci.nih.gov/xml/owl/EVS/Thesaurus.owl#C79688,False,1.0
http://snomed.info/id/346641004,http://ncicb.nci.nih.gov/xml/owl/EVS/Thesaurus.owl#C29734,True,1.0
http://snomed.info/id/27928002,http://ncicb.nci.nih.gov/xml/owl/EVS/Thesaurus.owl#C29060,True,1.0
http://snomed.info/id/412328000,http://ncicb.nci.nih.gov/xml/owl/EVS/Thesaurus.owl#C288,True,1.0
http://snomed.info/id/426276000,http://ncicb.nci.nih.gov/xml/owl/EVS/Thesaurus.owl#C66293,True,1.0
http://snomed.info/id/407312007,http://ncicb.nci.nih.gov/xml/owl/EVS/Thesaurus.owl#C471,True,1.0
http://snomed.info/id/108467009,http://ncicb.nci.nih.gov/xml/owl/EVS/Thesaurus.owl#C47714,True,1.0
http://snomed.info/id/5067008,http://ncicb.nci.nih.gov/xml/owl/EVS/Thesaurus.owl#C885,True,1.0
http://snomed.info/id/326745006,http://ncicb.nci.nih.gov/xml/owl/EVS/Thesaurus.owl#C480,True,1.0
http://snomed.info/id/699946002,http://ncicb.nci.nih.gov/xml/owl/EVS/Thesaurus.owl#C61320,True,1.0
http://snomed.info/id/372479006,http://ncicb.nci.nih.gov/xml/owl/EVS/Thesaurus.owl#C66607,True,1.0
http://snomed.info/id/8030004,http://ncicb.nci.nih.gov/xml/owl/EVS/Thesaurus.owl#C762,True,1.0
http://snomed.info/id/372810006,http://ncicb.nci.nih.gov/xml/owl/EVS/Thesaurus.owl#C872,True,1.0
http://snomed.info/id/395947008,http://ncicb.nci.nih.gov/xml/owl/EVS/Thesaurus.owl#C76133,False,1.0
http://snomed.info/id/372806008,http://ncicb.nci.nih.gov/xml/owl/EVS/Thesaurus.owl#C29702,True,1.0
http://snomed.info/id/303960004,http://ncicb.nci.nih.gov/xml/owl/EVS/Thesaurus.owl#C29750,True,1.0
http://snomed.info/id/767928009,http://ncicb.nci.nih.gov/xml/owl/EVS/Thesaurus.owl#C65381,True,1.0
http://snomed.info/id/738952007,http://ncicb.nci.nih.gov/xml/owl/EVS/Thesaurus.owl#C12401,True,1.0
http://snomed.info/id/108781007,http://ncicb.nci.nih.gov/xml/owl/EVS/Thesaurus.owl#C2828,True,1.0
http://snomed.info/id/734768002,http://ncicb.nci.nih.gov/xml/owl/EVS/Thesaurus.owl#C25995,True,1.0
http://snomed.info/id/86431009,http://ncicb.nci.nih.gov/xml/owl/EVS/Thesaurus.owl#C45812,False,1.0
http://snomed.info/id/432165000,http://ncicb.nci.nih.gov/xml/owl/EVS/Thesaurus.owl#C81119,True,1.0
http://snomed.info/id/373492002,http://ncicb.nci.nih.gov/xml/owl/EVS/Thesaurus.owl#C494,True,1.0
http://snomed.info/id/85899009,http://ncicb.nci.nih.gov/xml/owl/EVS/Thesaurus.owl#C1318,False,1.0
http://snomed.info/id/10784006,http://ncicb.nci.nih.gov/xml/owl/EVS/Thesaurus.owl#C29710,True,1.0
http://snomed.info/id/96113001,http://ncicb.nci.nih.gov/xml/owl/EVS/Thesaurus.owl#C175844,True,1.0
http://snomed.info/id/412093009,http://ncicb.nci.nih.gov/xml/owl/EVS/Thesaurus.owl#C87468,True,1.0
http://snomed.info/id/412093009,http://ncicb.nci.nih.gov/xml/owl/EVS/Thesaurus.owl#C87469,False,1.0
http://snomed.info/id/387305002,http://ncicb.nci.nih.gov/xml/owl/EVS/Thesaurus.owl#C900,True,1.0
http://snomed.info/id/387564004,http://ncicb.nci.nih.gov/xml/owl/EVS/Thesaurus.owl#C1317,True,1.0
http://snomed.info/id/428145005,http://ncicb.nci.nih.gov/xml/owl/EVS/Thesaurus.owl#C87374,True,1.0
http://snomed.info/id/395989000,http://ncicb.nci.nih.gov/xml/owl/EVS/Thesaurus.owl#C87578,True,1.0
http://snomed.info/id/20691000122100,http://ncicb.nci.nih.gov/xml/owl/EVS/Thesaurus.owl#C65991,True,1.0
http://snomed.info/id/108482004,http://ncicb.nci.nih.gov/xml/owl/EVS/Thesaurus.owl#C26670,True,1.0
http://snomed.info/id/387274000,http://ncicb.nci.nih.gov/xml/owl/EVS/Thesaurus.owl#C559,True,1.0
http://snomed.info/id/417550009,http://ncicb.nci.nih.gov/xml/owl/EVS/Thesaurus.owl#C2455,True,1.0
http://snomed.info/id/767305000,http://ncicb.nci.nih.gov/xml/owl/EVS/Thesaurus.owl#C44407,True,1.0
http://snomed.info/id/25087005,http://ncicb.nci.nih.gov/xml/owl/EVS/Thesaurus.owl#C12755,True,1.0
http://snomed.info/id/109083009,http://ncicb.nci.nih.gov/xml/owl/EVS/Thesaurus.owl#C29251,True,1.0
http://snomed.info/id/395989000,http://ncicb.nci.nih.gov/xml/owl/EVS/Thesaurus.owl#C87581,False,1.0
http://snomed.info/id/88376000,http://ncicb.nci.nih.gov/xml/owl/EVS/Thesaurus.owl#C347,True,1.0
http://snomed.info/id/372525000,http://ncicb.nci.nih.gov/xml/owl/EVS/Thesaurus.owl#C29723,True,1.0
http://snomed.info/id/713360008,http://ncicb.nci.nih.gov/xml/owl/EVS/Thesaurus.owl#C84080,True,1.0
http://snomed.info/id/890334001,http://ncicb.nci.nih.gov/xml/owl/EVS/Thesaurus.owl#C2135,True,1.0
http://snomed.info/id/734694001,http://ncicb.nci.nih.gov/xml/owl/EVS/Thesaurus.owl#C2319,True,1.0
http://snomed.info/id/387050005,http://ncicb.nci.nih.gov/xml/owl/EVS/Thesaurus.owl#C80509,True,1.0
http://snomed.info/id/108765002,http://ncicb.nci.nih.gov/xml/owl/EVS/Thesaurus.owl#C1102,True,1.0
http://snomed.info/id/108825009,http://ncicb.nci.nih.gov/xml/owl/EVS/Thesaurus.owl#C66945,False,1.0
http://snomed.info/id/387344005,http://ncicb.nci.nih.gov/xml/owl/EVS/Thesaurus.owl#C65273,True,1.0
http://snomed.info/id/387344005,http://ncicb.nci.nih.gov/xml/owl/EVS/Thesaurus.owl#C65274,True,1.0
http://snomed.info/id/61773008,http://ncicb.nci.nih.gov/xml/owl/EVS/Thesaurus.owl#C48000,True,1.0
http://snomed.info/id/112113009,http://ncicb.nci.nih.gov/xml/owl/EVS/Thesaurus.owl#C2289,True,1.0
http://snomed.info/id/387511003,http://ncicb.nci.nih.gov/xml/owl/EVS/Thesaurus.owl#C408,True,1.0
http://snomed.info/id/412608008,http://ncicb.nci.nih.gov/xml/owl/EVS/Thesaurus.owl#C87297,True,1.0
http://snomed.info/id/443763005,http://ncicb.nci.nih.gov/xml/owl/EVS/Thesaurus.owl#C74547,True,1.0
http://snomed.info/id/734776000,http://ncicb.nci.nih.gov/xml/owl/EVS/Thesaurus.owl#C527,False,1.0
http://snomed.info/id/386846008,http://ncicb.nci.nih.gov/xml/owl/EVS/Thesaurus.owl#C867,True,1.0
http://snomed.info/id/734583009,http://ncicb.nci.nih.gov/xml/owl/EVS/Thesaurus.owl#C2089,True,1.0
http://snomed.info/id/87708000,http://ncicb.nci.nih.gov/xml/owl/EVS/Thesaurus.owl#C26017,True,1.0
http://snomed.info/id/767125008,http://ncicb.nci.nih.gov/xml/owl/EVS/Thesaurus.owl#C271,True,1.0
http://snomed.info/id/51185008,http://ncicb.nci.nih.gov/xml/owl/EVS/Thesaurus.owl#C25389,True,1.0
http://snomed.info/id/412241004,http://ncicb.nci.nih.gov/xml/owl/EVS/Thesaurus.owl#C73886,False,1.0
http://snomed.info/id/741072006,http://ncicb.nci.nih.gov/xml/owl/EVS/Thesaurus.owl#C16965,True,1.0
http://snomed.info/id/387511003,http://ncicb.nci.nih.gov/xml/owl/EVS/Thesaurus.owl#C71603,True,1.0
http://snomed.info/id/373524005,http://ncicb.nci.nih.gov/xml/owl/EVS/Thesaurus.owl#C904,True,1.0
http://snomed.info/id/373567002,http://ncicb.nci.nih.gov/xml/owl/EVS/Thesaurus.owl#C29165,False,1.0
http://snomed.info/id/14340003,http://ncicb.nci.nih.gov/xml/owl/EVS/Thesaurus.owl#C2827,True,1.0
http://snomed.info/id/765358006,http://ncicb.nci.nih.gov/xml/owl/EVS/Thesaurus.owl#C95020,True,1.0
http://snomed.info/id/734592007,http://ncicb.nci.nih.gov/xml/owl/EVS/Thesaurus.owl#C1655,True,1.0
http://snomed.info/id/725850006,http://ncicb.nci.nih.gov/xml/owl/EVS/Thesaurus.owl#C405,True,1.0
http://snomed.info/id/372803000,http://ncicb.nci.nih.gov/xml/owl/EVS/Thesaurus.owl#C47632,True,1.0
http://snomed.info/id/418938005,http://ncicb.nci.nih.gov/xml/owl/EVS/Thesaurus.owl#C559,True,1.0
http://snomed.info/id/428282007,http://ncicb.nci.nih.gov/xml/owl/EVS/Thesaurus.owl#C63478,False,1.0
http://snomed.info/id/49157004,http://ncicb.nci.nih.gov/xml/owl/EVS/Thesaurus.owl#C921,True,1.0
http://snomed.info/id/14060003,http://ncicb.nci.nih.gov/xml/owl/EVS/Thesaurus.owl#C28138,True,1.0
http://snomed.info/id/51866008,http://ncicb.nci.nih.gov/xml/owl/EVS/Thesaurus.owl#C785,True,1.0
http://snomed.info/id/385517000,http://ncicb.nci.nih.gov/xml/owl/EVS/Thesaurus.owl#C47539,True,1.0
http://snomed.info/id/395773009,http://ncicb.nci.nih.gov/xml/owl/EVS/Thesaurus.owl#C87581,True,1.0
http://snomed.info/id/108968006,http://ncicb.nci.nih.gov/xml/owl/EVS/Thesaurus.owl#C1303,True,1.0
http://snomed.info/id/29190006,http://ncicb.nci.nih.gov/xml/owl/EVS/Thesaurus.owl#C47994,True,1.0
http://snomed.info/id/12821002,http://ncicb.nci.nih.gov/xml/owl/EVS/Thesaurus.owl#C81152,True,1.0
http://snomed.info/id/373464007,http://ncicb.nci.nih.gov/xml/owl/EVS/Thesaurus.owl#C29142,True,1.0
http://snomed.info/id/108825009,http://ncicb.nci.nih.gov/xml/owl/EVS/Thesaurus.owl#C1333,True,1.0
http://snomed.info/id/96113001,http://ncicb.nci.nih.gov/xml/owl/EVS/Thesaurus.owl#C75970,False,1.0
http://snomed.info/id/712567003,http://ncicb.nci.nih.gov/xml/owl/EVS/Thesaurus.owl#C84072,False,1.0
http://snomed.info/id/789180004,http://ncicb.nci.nih.gov/xml/owl/EVS/Thesaurus.owl#C170314,True,1.0
http://snomed.info/id/387474003,http://ncicb.nci.nih.gov/xml/owl/EVS/Thesaurus.owl#C62072,True,1.0
http://snomed.info/id/264325000,http://ncicb.nci.nih.gov/xml/owl/EVS/Thesaurus.owl#C29536,True,1.0
http://snomed.info/id/387094004,http://ncicb.nci.nih.gov/xml/owl/EVS/Thesaurus.owl#C47690,False,1.0
http://snomed.info/id/373450007,http://ncicb.nci.nih.gov/xml/owl/EVS/Thesaurus.owl#C48019,True,1.0
http://snomed.info/id/712567003,http://ncicb.nci.nih.gov/xml/owl/EVS/Thesaurus.owl#C84081,True,1.0
http://snomed.info/id/395883003,http://ncicb.nci.nih.gov/xml/owl/EVS/Thesaurus.owl#C837,True,1.0
http://snomed.info/id/129490002,http://ncicb.nci.nih.gov/xml/owl/EVS/Thesaurus.owl#C81648,False,1.0
http://snomed.info/id/67507000,http://ncicb.nci.nih.gov/xml/owl/EVS/Thesaurus.owl#C47793,True,1.0
http://snomed.info/id/83036002,http://ncicb.nci.nih.gov/xml/owl/EVS/Thesaurus.owl#C76926,True,1.0
http://snomed.info/id/372784001,http://ncicb.nci.nih.gov/xml/owl/EVS/Thesaurus.owl#C726,True,1.0
http://snomed.info/id/387476001,http://ncicb.nci.nih.gov/xml/owl/EVS/Thesaurus.owl#C65424,True,1.0
http://snomed.info/id/387476001,http://ncicb.nci.nih.gov/xml/owl/EVS/Thesaurus.owl#C65423,True,1.0
http://snomed.info/id/420365007,http://ncicb.nci.nih.gov/xml/owl/EVS/Thesaurus.owl#C66508,True,1.0
http://snomed.info/id/108375002,http://ncicb.nci.nih.gov/xml/owl/EVS/Thesaurus.owl#C87359,True,1.0
http://snomed.info/id/418080006,http://ncicb.nci.nih.gov/xml/owl/EVS/Thesaurus.owl#C1418,True,1.0
http://snomed.info/id/87568004,http://ncicb.nci.nih.gov/xml/owl/EVS/Thesaurus.owl#C2315,True,1.0
http://snomed.info/id/420365007,http://ncicb.nci.nih.gov/xml/owl/EVS/Thesaurus.owl#C66507,True,1.0
http://snomed.info/id/1956002,http://ncicb.nci.nih.gov/xml/owl/EVS/Thesaurus.owl#C65274,True,1.0
http://snomed.info/id/26379008,http://ncicb.nci.nih.gov/xml/owl/EVS/Thesaurus.owl#C72169,True,1.0
http://snomed.info/id/40404004,http://ncicb.nci.nih.gov/xml/owl/EVS/Thesaurus.owl#C80006,True,1.0
http://snomed.info/id/372866006,http://ncicb.nci.nih.gov/xml/owl/EVS/Thesaurus.owl#C47443,True,1.0
http://snomed.info/id/416462003,http://ncicb.nci.nih.gov/xml/owl/EVS/Thesaurus.owl#C3671,True,1.0
http://snomed.info/id/396449009,http://ncicb.nci.nih.gov/xml/owl/EVS/Thesaurus.owl#C77491,True,1.0
http://snomed.info/id/400447003,http://ncicb.nci.nih.gov/xml/owl/EVS/Thesaurus.owl#C47518,True,1.0
http://snomed.info/id/10534002,http://ncicb.nci.nih.gov/xml/owl/EVS/Thesaurus.owl#C136413,True,1.0
http://snomed.info/id/12821002,http://ncicb.nci.nih.gov/xml/owl/EVS/Thesaurus.owl#C81139,True,1.0
http://snomed.info/id/60886004,http://ncicb.nci.nih.gov/xml/owl/EVS/Thesaurus.owl#C669,True,1.0
http://snomed.info/id/48075008,http://ncicb.nci.nih.gov/xml/owl/EVS/Thesaurus.owl#C12907,True,1.0
http://snomed.info/id/734602008,http://ncicb.nci.nih.gov/xml/owl/EVS/Thesaurus.owl#C783,True,1.0
http://snomed.info/id/441539007,http://ncicb.nci.nih.gov/xml/owl/EVS/Thesaurus.owl#C87616,True,1.0
http://snomed.info/id/725643005,http://ncicb.nci.nih.gov/xml/owl/EVS/Thesaurus.owl#C85523,True,1.0
http://snomed.info/id/788023007,http://ncicb.nci.nih.gov/xml/owl/EVS/Thesaurus.owl#C514,True,1.0
http://snomed.info/id/68945006,http://ncicb.nci.nih.gov/xml/owl/EVS/Thesaurus.owl#C587,True,1.0
http://snomed.info/id/387306001,http://ncicb.nci.nih.gov/xml/owl/EVS/Thesaurus.owl#C61718,True,1.0
http://snomed.info/id/22165008,http://ncicb.nci.nih.gov/xml/owl/EVS/Thesaurus.owl#C65435,True,1.0
http://snomed.info/id/2878005,http://ncicb.nci.nih.gov/xml/owl/EVS/Thesaurus.owl#C635,True,1.0
http://snomed.info/id/72024007,http://ncicb.nci.nih.gov/xml/owl/EVS/Thesaurus.owl#C867,True,1.0
http://snomed.info/id/4864008,http://ncicb.nci.nih.gov/xml/owl/EVS/Thesaurus.owl#C123795,False,1.0
http://snomed.info/id/395954002,http://ncicb.nci.nih.gov/xml/owl/EVS/Thesaurus.owl#C53408,True,1.0
http://snomed.info/id/439304005,http://ncicb.nci.nih.gov/xml/owl/EVS/Thesaurus.owl#C29756,True,1.0
http://snomed.info/id/734578001,http://ncicb.nci.nih.gov/xml/owl/EVS/Thesaurus.owl#C1742,True,1.0
http://snomed.info/id/734734008,http://ncicb.nci.nih.gov/xml/owl/EVS/Thesaurus.owl#C34077,False,1.0
http://snomed.info/id/725651008,http://ncicb.nci.nih.gov/xml/owl/EVS/Thesaurus.owl#C52198,True,1.0
http://snomed.info/id/789359000,http://ncicb.nci.nih.gov/xml/owl/EVS/Thesaurus.owl#C88293,True,1.0
http://snomed.info/id/734628006,http://ncicb.nci.nih.gov/xml/owl/EVS/Thesaurus.owl#C28334,True,1.0
http://snomed.info/id/11038000,http://ncicb.nci.nih.gov/xml/owl/EVS/Thesaurus.owl#C61709,True,1.0
http://snomed.info/id/24022008,http://ncicb.nci.nih.gov/xml/owl/EVS/Thesaurus.owl#C28876,True,1.0
http://snomed.info/id/387064005,http://ncicb.nci.nih.gov/xml/owl/EVS/Thesaurus.owl#C1528,True,1.0
http://snomed.info/id/117004004,http://ncicb.nci.nih.gov/xml/owl/EVS/Thesaurus.owl#C66293,True,1.0
http://snomed.info/id/395917006,http://ncicb.nci.nih.gov/xml/owl/EVS/Thesaurus.owl#C1131,True,1.0
http://snomed.info/id/45604009,http://ncicb.nci.nih.gov/xml/owl/EVS/Thesaurus.owl#C29756,True,1.0
http://snomed.info/id/428711006,http://ncicb.nci.nih.gov/xml/owl/EVS/Thesaurus.owl#C87374,False,1.0
http://snomed.info/id/102706005,http://ncicb.nci.nih.gov/xml/owl/EVS/Thesaurus.owl#C68439,False,1.0
http://snomed.info/id/428711006,http://ncicb.nci.nih.gov/xml/owl/EVS/Thesaurus.owl#C87373,True,1.0
http://snomed.info/id/11038000,http://ncicb.nci.nih.gov/xml/owl/EVS/Thesaurus.owl#C61714,True,1.0
http://snomed.info/id/734628006,http://ncicb.nci.nih.gov/xml/owl/EVS/Thesaurus.owl#C28313,True,1.0
http://snomed.info/id/387095003,http://ncicb.nci.nih.gov/xml/owl/EVS/Thesaurus.owl#C1318,True,1.0
http://snomed.info/id/426455008,http://ncicb.nci.nih.gov/xml/owl/EVS/Thesaurus.owl#C26673,True,1.0
http://snomed.info/id/703796003,http://ncicb.nci.nih.gov/xml/owl/EVS/Thesaurus.owl#C78194,False,1.0
http://snomed.info/id/373738000,http://ncicb.nci.nih.gov/xml/owl/EVS/Thesaurus.owl#C47651,True,1.0
http://snomed.info/id/412029000,http://ncicb.nci.nih.gov/xml/owl/EVS/Thesaurus.owl#C131018,False,1.0
http://snomed.info/id/702803000,http://ncicb.nci.nih.gov/xml/owl/EVS/Thesaurus.owl#C96281,True,1.0
http://snomed.info/id/416908008,http://ncicb.nci.nih.gov/xml/owl/EVS/Thesaurus.owl#C28203,True,1.0
http://snomed.info/id/81839001,http://ncicb.nci.nih.gov/xml/owl/EVS/Thesaurus.owl#C263,True,1.0
http://snomed.info/id/412176007,http://ncicb.nci.nih.gov/xml/owl/EVS/Thesaurus.owl#C60817,True,1.0
http://snomed.info/id/387080000,http://ncicb.nci.nih.gov/xml/owl/EVS/Thesaurus.owl#C29536,True,1.0
http://snomed.info/id/734627001,http://ncicb.nci.nih.gov/xml/owl/EVS/Thesaurus.owl#C63817,True,1.0
http://snomed.info/id/708189008,http://ncicb.nci.nih.gov/xml/owl/EVS/Thesaurus.owl#C73142,True,1.0
http://snomed.info/id/385559004,http://ncicb.nci.nih.gov/xml/owl/EVS/Thesaurus.owl#C47417,True,1.0
http://snomed.info/id/42761001,http://ncicb.nci.nih.gov/xml/owl/EVS/Thesaurus.owl#C28138,True,1.0
http://snomed.info/id/1149379008,http://ncicb.nci.nih.gov/xml/owl/EVS/Thesaurus.owl#C107680,True,1.0
http://snomed.info/id/372772003,http://ncicb.nci.nih.gov/xml/owl/EVS/Thesaurus.owl#C29382,False,1.0
http://snomed.info/id/74138002,http://ncicb.nci.nih.gov/xml/owl/EVS/Thesaurus.owl#C586,False,1.0
http://snomed.info/id/52625008,http://ncicb.nci.nih.gov/xml/owl/EVS/Thesaurus.owl#C29606,False,1.0
http://snomed.info/id/108781007,http://ncicb.nci.nih.gov/xml/owl/EVS/Thesaurus.owl#C63477,True,1.0
http://snomed.info/id/255899003,http://ncicb.nci.nih.gov/xml/owl/EVS/Thesaurus.owl#C80656,True,1.0
http://snomed.info/id/763216009,http://ncicb.nci.nih.gov/xml/owl/EVS/Thesaurus.owl#C94725,True,1.0
http://snomed.info/id/372848001,http://ncicb.nci.nih.gov/xml/owl/EVS/Thesaurus.owl#C517,True,1.0
http://snomed.info/id/712725009,http://ncicb.nci.nih.gov/xml/owl/EVS/Thesaurus.owl#C65424,True,1.0
http://snomed.info/id/425913002,http://ncicb.nci.nih.gov/xml/owl/EVS/Thesaurus.owl#C38687,True,1.0
http://snomed.info/id/116108007,http://ncicb.nci.nih.gov/xml/owl/EVS/Thesaurus.owl#C474,True,1.0
http://snomed.info/id/734631007,http://ncicb.nci.nih.gov/xml/owl/EVS/Thesaurus.owl#C94726,True,1.0
http://snomed.info/id/387305002,http://ncicb.nci.nih.gov/xml/owl/EVS/Thesaurus.owl#C804,True,1.0
http://snomed.info/id/87148003,http://ncicb.nci.nih.gov/xml/owl/EVS/Thesaurus.owl#C28822,True,1.0
http://snomed.info/id/767307008,http://ncicb.nci.nih.gov/xml/owl/EVS/Thesaurus.owl#C1916,True,1.0
http://snomed.info/id/386923005,http://ncicb.nci.nih.gov/xml/owl/EVS/Thesaurus.owl#C66724,True,1.0
http://snomed.info/id/418080006,http://ncicb.nci.nih.gov/xml/owl/EVS/Thesaurus.owl#C61685,True,1.0
http://snomed.info/id/48988008,http://ncicb.nci.nih.gov/xml/owl/EVS/Thesaurus.owl#C28816,True,1.0
http://snomed.info/id/421192001,http://ncicb.nci.nih.gov/xml/owl/EVS/Thesaurus.owl#C26673,True,1.0
http://snomed.info/id/768683002,http://ncicb.nci.nih.gov/xml/owl/EVS/Thesaurus.owl#C281,True,1.0
http://snomed.info/id/713492005,http://ncicb.nci.nih.gov/xml/owl/EVS/Thesaurus.owl#C837,True,1.0
http://snomed.info/id/766936008,http://ncicb.nci.nih.gov/xml/owl/EVS/Thesaurus.owl#C397,True,1.0
http://snomed.info/id/725536009,http://ncicb.nci.nih.gov/xml/owl/EVS/Thesaurus.owl#C95317,True,1.0
http://snomed.info/id/33589008,http://ncicb.nci.nih.gov/xml/owl/EVS/Thesaurus.owl#C45653,True,1.0
http://snomed.info/id/96123005,http://ncicb.nci.nih.gov/xml/owl/EVS/Thesaurus.owl#C75234,False,1.0
http://snomed.info/id/96290008,http://ncicb.nci.nih.gov/xml/owl/EVS/Thesaurus.owl#C61625,True,1.0
http://snomed.info/id/734718005,http://ncicb.nci.nih.gov/xml/owl/EVS/Thesaurus.owl#C73579,True,1.0
http://snomed.info/id/387427007,http://ncicb.nci.nih.gov/xml/owl/EVS/Thesaurus.owl#C1739,True,1.0
http://snomed.info/id/373281001,http://ncicb.nci.nih.gov/xml/owl/EVS/Thesaurus.owl#C667,True,1.0
http://snomed.info/id/734777009,http://ncicb.nci.nih.gov/xml/owl/EVS/Thesaurus.owl#C360,True,1.0
http://snomed.info/id/387283005,http://ncicb.nci.nih.gov/xml/owl/EVS/Thesaurus.owl#C1507,True,1.0
http://snomed.info/id/717036000,http://ncicb.nci.nih.gov/xml/owl/EVS/Thesaurus.owl#C1064,True,1.0
http://snomed.info/id/95976009,http://ncicb.nci.nih.gov/xml/owl/EVS/Thesaurus.owl#C77449,True,1.0
http://snomed.info/id/373738000,http://ncicb.nci.nih.gov/xml/owl/EVS/Thesaurus.owl#C61876,True,1.0
http://snomed.info/id/372487007,http://ncicb.nci.nih.gov/xml/owl/EVS/Thesaurus.owl#C1119,True,1.0
http://snomed.info/id/372497003,http://ncicb.nci.nih.gov/xml/owl/EVS/Thesaurus.owl#C61938,True,1.0
http://snomed.info/id/372715008,http://ncicb.nci.nih.gov/xml/owl/EVS/Thesaurus.owl#C1062,False,1.0
http://snomed.info/id/37957009,http://ncicb.nci.nih.gov/xml/owl/EVS/Thesaurus.owl#C76471,True,1.0
http://snomed.info/id/96039001,http://ncicb.nci.nih.gov/xml/owl/EVS/Thesaurus.owl#C83512,True,1.0
http://snomed.info/id/420702005,http://ncicb.nci.nih.gov/xml/owl/EVS/Thesaurus.owl#C1332,True,1.0
http://snomed.info/id/25307002,http://ncicb.nci.nih.gov/xml/owl/EVS/Thesaurus.owl#C29538,True,1.0
http://snomed.info/id/426339000,http://ncicb.nci.nih.gov/xml/owl/EVS/Thesaurus.owl#C95284,True,1.0
http://snomed.info/id/762228008,http://ncicb.nci.nih.gov/xml/owl/EVS/Thesaurus.owl#C35729,True,1.0
http://snomed.info/id/386912006,http://ncicb.nci.nih.gov/xml/owl/EVS/Thesaurus.owl#C1381,True,1.0
http://snomed.info/id/387298007,http://ncicb.nci.nih.gov/xml/owl/EVS/Thesaurus.owl#C635,True,1.0
http://snomed.info/id/387357002,http://ncicb.nci.nih.gov/xml/owl/EVS/Thesaurus.owl#C97306,False,1.0
http://snomed.info/id/387230002,http://ncicb.nci.nih.gov/xml/owl/EVS/Thesaurus.owl#C47584,True,1.0
http://snomed.info/id/870398005,http://ncicb.nci.nih.gov/xml/owl/EVS/Thesaurus.owl#C143250,True,1.0
http://snomed.info/id/409356003,http://ncicb.nci.nih.gov/xml/owl/EVS/Thesaurus.owl#C48031,True,1.0
http://snomed.info/id/69519002,http://ncicb.nci.nih.gov/xml/owl/EVS/Thesaurus.owl#C61742,True,1.0
http://snomed.info/id/1052201004,http://ncicb.nci.nih.gov/xml/owl/EVS/Thesaurus.owl#C2293,True,1.0
http://snomed.info/id/18321003,http://ncicb.nci.nih.gov/xml/owl/EVS/Thesaurus.owl#C66598,True,1.0
http://snomed.info/id/75799006,http://ncicb.nci.nih.gov/xml/owl/EVS/Thesaurus.owl#C95739,True,1.0
http://snomed.info/id/412528004,http://ncicb.nci.nih.gov/xml/owl/EVS/Thesaurus.owl#C170390,True,1.0
http://snomed.info/id/372900003,http://ncicb.nci.nih.gov/xml/owl/EVS/Thesaurus.owl#C29390,False,1.0
http://snomed.info/id/373225007,http://ncicb.nci.nih.gov/xml/owl/EVS/Thesaurus.owl#C94725,True,1.0
http://snomed.info/id/10987005,http://ncicb.nci.nih.gov/xml/owl/EVS/Thesaurus.owl#C755,False,1.0
http://snomed.info/id/255905003,http://ncicb.nci.nih.gov/xml/owl/EVS/Thesaurus.owl#C152407,True,1.0
http://snomed.info/id/419442005,http://ncicb.nci.nih.gov/xml/owl/EVS/Thesaurus.owl#C2190,False,1.0
http://snomed.info/id/2195004,http://ncicb.nci.nih.gov/xml/owl/EVS/Thesaurus.owl#C47761,True,1.0
